"ACTRESS_ID","OLD_NAME","NEW_NAME","DISPLAY_NAME","RANK","FURIGANA","ROMAJI","CREATED_AT","UPDATED_AT"
1,"立花めい","京花萌",,0,,,2025/11/30 18:01:31,2025/11/30 18:01:31
2,"桜井千春","雫月心桜",,0,,,2025/11/30 18:01:31,2025/11/30 18:01:31
3,"宮村ななこ","みやむ","みやむ(宮村ななこ)",0,,,2025/11/30 18:01:31,2025/11/30 18:01:31
4,"初愛ねんね","ねんね","初愛ねんね(ねんね)",0,,,2025/11/30 18:01:31,2025/11/30 18:01:31
5,"莉々はるか","稲場るか",,1,,,2025/11/30 18:01:31,2025/11/30 20:29:48
6,"あべ藍","さとう愛理",,1,,,2025/11/30 18:01:31,2025/11/30 20:29:52
7,"井上まさみ","羽田希",,0,,,2025/11/30 18:01:31,2025/11/30 18:01:31
8,"初咲里奈","初芽里奈",,1,,,2025/11/30 18:01:31,2025/11/30 20:29:54
9,"満月ひかり","初芽里奈",,1,,,2025/11/30 18:01:31,2025/11/30 20:29:56
10,"天月叶菜","なごみ","天月叶菜(なごみ)",1,,,2025/11/30 18:01:31,2025/11/30 20:29:57
11,"幾野まち","幾田まち",,1,,,2025/11/30 18:01:31,2025/11/30 20:29:59
12,"柚木和奏","紺野まこ",,0,,,2025/11/30 18:01:31,2025/11/30 18:01:31
13,"ちなみん","桜ちなみ","ちなみん(桜ちなみ)",0,,,2025/11/30 18:01:31,2025/11/30 18:01:31
14,"橘知花","君色花音",,0,,,2025/11/30 18:01:31,2025/11/30 18:01:31
15,"紺野るり","朝日りん",,0,,,2025/11/30 18:01:31,2025/11/30 18:01:31
16,"愛乃はるか","保志美あすか",,1,,,2025/11/30 18:01:31,2025/11/30 20:30:03
17,"帆志科南","富井美帆",,0,,,2025/11/30 18:01:31,2025/11/30 18:01:31
18,"一ノ瀬恋","あゆな虹恋",,1,,,2025/11/30 18:01:31,2025/11/30 20:30:06
19,"蒼いおり","月見伊織",,0,,,2025/11/30 18:01:31,2025/11/30 18:01:31
20,"小日向みゆう","清原みゆう",,0,,,2025/11/30 18:01:31,2025/11/30 18:01:31
21,"わか菜ほの","若宮穂乃",,0,,,2025/11/30 18:01:31,2025/11/30 18:01:31
22,"藤田こずえ","藤田ゆず",,1,,,2025/11/30 18:01:31,2025/11/30 20:30:10
23,"本多なつめ","渚ひまわり",,0,,,2025/11/30 18:01:31,2025/11/30 18:01:31
24,"芦田希空",,,1,,,2025/11/30 18:01:31,2025/11/30 20:30:13
25,"堀沢ゆい",,,0,,,2025/11/30 18:01:31,2025/11/30 18:01:31
26,"亜矢みつき",,,0,,,2025/11/30 18:01:31,2025/11/30 18:01:31
27,"みひな","永井みひな",,0,,,2025/11/30 18:01:31,2025/11/30 18:01:31
28,"白雪美月",,,0,,,2025/11/30 18:01:31,2025/11/30 18:01:31
29,"羽月乃蒼",,,1,,,2025/11/30 18:01:31,2025/11/30 20:30:17
30,"南日菜乃",,,1,,,2025/11/30 18:01:31,2025/11/30 20:30:18
31,"月乃あや",,,0,,,2025/11/30 18:01:31,2025/11/30 18:01:31
32,"由良かな",,,1,,,2025/11/30 18:01:31,2025/11/30 20:30:19
33,"北岡果林",,,1,,,2025/11/30 18:01:31,2025/11/30 20:30:20
34,"似鳥日菜",,,0,,,2025/11/30 18:01:31,2025/11/30 18:01:31
35,"胡桃さくら",,,1,,,2025/11/30 18:01:31,2025/11/30 20:30:21
36,"宮城りえ",,,1,,,2025/11/30 18:01:31,2025/11/30 20:30:23
37,"五芭",,,1,,,2025/11/30 18:01:31,2025/11/30 20:30:24
38,"黒咲華",,,0,,,2025/11/30 18:01:31,2025/11/30 18:01:31
39,"広瀬なるみ",,,0,,,2025/11/30 18:01:31,2025/11/30 18:01:31
40,"愛瀬ゆう",,,0,,,2025/11/30 18:01:31,2025/11/30 18:01:31
41,"さくらまひる",,,0,,,2025/11/30 18:01:31,2025/11/30 18:01:31
42,"巴ひかり",,,0,,,2025/11/30 18:01:31,2025/11/30 18:01:31
43,"滝川すみれ",,,0,,,2025/11/30 18:01:31,2025/11/30 18:01:31
44,"花宮きょうこ",,,0,,,2025/11/30 18:01:31,2025/11/30 18:01:31
45,"中村心",,,0,,,2025/11/30 18:01:31,2025/11/30 18:01:31
46,"宮澤めぐ",,,0,,,2025/11/30 18:01:31,2025/11/30 18:01:31
47,"美雲そら",,,1,,,2025/11/30 18:01:31,2025/11/30 20:30:35
48,"赤名いと",,,1,,,2025/11/30 18:01:31,2025/11/30 20:30:36
49,"丸最レア",,,0,,,2025/11/30 18:01:31,2025/11/30 18:01:31
50,"二羽紗愛",,,0,,,2025/11/30 18:01:31,2025/11/30 18:01:31
51,"夕木こいろ",,,0,,,2025/11/30 18:01:31,2025/11/30 18:01:31
52,"桃瀬くるみ",,,0,,,2025/11/30 18:01:31,2025/11/30 18:01:31
53,"柏木こなつ",,,1,,,2025/11/30 18:01:31,2025/11/30 20:30:39
54,"月乃クロロ",,,0,,,2025/11/30 18:01:31,2025/11/30 18:01:31
55,"那々未",,,0,,,2025/11/30 18:01:31,2025/11/30 18:01:31
56,"桜ノ宮なな",,,0,,,2025/11/30 18:01:31,2025/11/30 18:01:31
57,"朝霧ましろ",,,0,,,2025/11/30 18:01:31,2025/11/30 18:01:31
58,"八乃つばさ",,,0,,,2025/11/30 18:01:31,2025/11/30 18:01:31
59,"蓮実クレア",,,0,,,2025/11/30 18:01:31,2025/11/30 18:01:31
60,"藤森里穂",,,0,,,2025/11/30 18:01:31,2025/11/30 18:01:31
61,"天音ゆさ",,,0,,,2025/11/30 18:01:31,2025/11/30 18:01:31
62,"愛瀬美希",,,0,,,2025/11/30 18:01:31,2025/11/30 18:01:31
63,"相澤ゆりな",,,1,,,2025/11/30 18:01:31,2025/11/30 20:30:47
64,"真琴",,,0,,,2025/11/30 18:01:31,2025/11/30 18:01:31
65,"赤井美月","神無月れな",,0,,,2025/11/30 18:01:31,2025/11/30 18:01:31
66,"高橋ゆら","星咲優菜",,0,,,2025/11/30 18:01:31,2025/11/30 18:01:31
67,"矢澤美々","ひなたいのり",,1,,,2025/11/30 18:01:31,2025/11/30 20:30:51
68,"倉持りん","望月さくら",,0,,,2025/11/30 18:01:31,2025/11/30 18:01:31
69,"はとり心咲",,,0,,,2025/11/30 18:01:31,2025/11/30 18:01:31
70,"清本玲奈",,,0,,,2025/11/30 18:01:31,2025/11/30 18:01:31
71,"姫野らん",,,1,,,2025/11/30 18:01:31,2025/11/30 20:30:54
72,"皆月ひかる",,,1,,,2025/11/30 18:01:31,2025/11/30 20:30:55
73,"あかね麗",,,0,,,2025/11/30 18:01:31,2025/11/30 18:01:31
74,"木下ひまり",,,0,,,2025/11/30 18:01:31,2025/11/30 18:01:31
75,"翔田千里",,,0,,,2025/11/30 18:01:31,2025/11/30 18:01:31
76,"神納花",,,0,,,2025/11/30 18:01:31,2025/11/30 18:01:31
77,"足立友梨",,,0,,,2025/11/30 18:01:31,2025/11/30 18:01:31
78,"水原わこ",,,0,,,2025/11/30 18:01:31,2025/11/30 18:01:31
79,"春乃るる",,,0,,,2025/11/30 18:01:31,2025/11/30 18:01:31
80,"宗像れな",,,0,,,2025/11/30 18:01:31,2025/11/30 18:01:31
81,"皐月ゆら",,,0,,,2025/11/30 18:01:31,2025/11/30 18:01:31
82,"二宮もも",,,0,,,2025/11/30 18:01:31,2025/11/30 18:01:31
83,"宮西ひかる",,,0,,,2025/11/30 18:01:31,2025/11/30 18:01:31
84,"芦名ほのか",,,0,,,2025/11/30 18:01:31,2025/11/30 18:01:31
85,"小坂ひまり",,,0,,,2025/11/30 18:01:31,2025/11/30 18:01:31
86,"美木ひなの",,,1,,,2025/11/30 18:01:31,2025/11/30 20:31:06
87,"桃瀬ひまり",,,0,,,2025/11/30 18:01:31,2025/11/30 18:01:31
88,"渡来ふう",,,0,,,2025/11/30 18:01:31,2025/11/30 18:01:31
89,"倉木しおり",,,0,,,2025/11/30 18:01:31,2025/11/30 18:01:31
90,"大浦真奈美",,,0,,,2025/11/30 18:01:31,2025/11/30 18:01:31
91,"川崎奈々",,,0,,,2025/11/30 18:01:31,2025/11/30 18:01:31
92,"静河",,,1,,,2025/11/30 18:01:31,2025/11/30 20:31:10
93,"松野蘭",,,0,,,2025/11/30 18:01:31,2025/11/30 18:01:31
94,"篠咲らら",,,0,,,2025/11/30 18:01:31,2025/11/30 18:01:31
95,"碧那美海",,,0,,,2025/11/30 18:01:31,2025/11/30 18:01:31
96,"千川とわ",,,0,,,2025/11/30 18:01:31,2025/11/30 18:01:31
97,"前田美波",,,0,,,2025/11/30 18:01:31,2025/11/30 18:01:31
98,"雅子りな",,,0,,,2025/11/30 18:01:31,2025/11/30 18:01:31
99,"豊岡さつき",,,0,,,2025/11/30 18:01:31,2025/11/30 18:01:31
100,"雪川桜花",,,0,,,2025/11/30 18:01:31,2025/11/30 18:01:31
101,"望月あやか",,,0,,,2025/11/30 18:01:31,2025/11/30 18:01:31
102,"小梅えな",,,0,,,2025/11/30 18:01:31,2025/11/30 18:01:31
103,"逢沢るる",,,0,,,2025/11/30 18:01:31,2025/11/30 18:01:31
104,"舞園にこ",,,0,,,2025/11/30 18:01:31,2025/11/30 18:01:31
105,"涼海みさ",,,0,,,2025/11/30 18:01:31,2025/11/30 18:01:31
106,"NOA","中尾芽衣子",,0,,,2025/11/30 18:01:31,2025/11/30 18:01:31
107,"真木今日子",,,0,,,2025/11/30 18:01:31,2025/11/30 18:01:31
108,"南希海",,,0,,,2025/11/30 18:01:31,2025/11/30 18:01:31
109,"美波あみな",,,0,,,2025/11/30 18:01:31,2025/11/30 18:01:31
110,"速美もな",,,0,,,2025/11/30 18:01:31,2025/11/30 18:01:31
111,"天神ユリ",,,0,,,2025/11/30 18:01:31,2025/11/30 18:01:31
112,"春菜はな",,,1,,,2025/11/30 18:01:31,2025/11/30 20:31:31
113,"阿部乃みく",,,0,,,2025/11/30 18:01:31,2025/11/30 18:01:31
114,"川菜美鈴",,,0,,,2025/11/30 18:01:31,2025/11/30 18:01:31
115,"海空花",,,0,,,2025/11/30 18:01:31,2025/11/30 18:01:31
116,"小杉優",,,0,,,2025/11/30 18:01:31,2025/11/30 18:01:31
117,"月野ゆりあ",,,0,,,2025/11/30 18:01:31,2025/11/30 18:01:31
118,"山本蓮加","藍原あおい",,0,,,2025/11/30 18:01:31,2025/11/30 18:01:31
119,"松本菜奈実",,,0,,,2025/11/30 18:01:31,2025/11/30 18:01:31
120,"本真ゆり","相内つかさ",,0,,,2025/11/30 18:01:31,2025/11/30 18:01:31
121,"久和原せいら",,,0,,,2025/11/30 18:01:31,2025/11/30 18:01:31
122,"那賀崎ゆきね",,,0,,,2025/11/30 18:01:31,2025/11/30 18:01:31
123,"音羽美鈴",,,0,,,2025/11/30 18:01:31,2025/11/30 18:01:31
124,"菊池はる",,,0,,,2025/11/30 18:01:31,2025/11/30 18:01:31
125,"夏川あゆみ",,,0,,,2025/11/30 18:01:31,2025/11/30 18:01:31
126,"河北笑茉",,,0,,,2025/11/30 18:01:31,2025/11/30 18:01:31
127,"生田優梨",,,0,,,2025/11/30 18:01:31,2025/11/30 18:01:31
128,"朝海凪咲",,,0,,,2025/11/30 18:01:31,2025/11/30 18:01:31
129,"小野坂ゆいか",,,0,,,2025/11/30 18:01:31,2025/11/30 18:01:31
130,"湊波流",,,0,,,2025/11/30 18:01:31,2025/11/30 18:01:31
131,"望月つぼみ",,,0,,,2025/11/30 18:01:31,2025/11/30 18:01:31
132,"星仲ここみ",,,0,,,2025/11/30 18:01:31,2025/11/30 18:01:31
133,"綾美なな",,,0,,,2025/11/30 18:01:31,2025/11/30 18:01:31
134,"桜木えりか",,,0,,,2025/11/30 18:01:31,2025/11/30 18:01:31
135,"市井結夏",,,1,,,2025/11/30 18:01:31,2025/11/30 20:31:49
136,"七藤優亜",,,0,,,2025/11/30 18:01:31,2025/11/30 18:01:31
137,"広瀬このみ",,,0,,,2025/11/30 18:01:31,2025/11/30 18:01:31
138,"流川莉央",,,0,,,2025/11/30 18:01:31,2025/11/30 18:01:31
139,"市川りく",,,1,,,2025/11/30 18:01:31,2025/11/30 20:31:53
140,"有加里ののか",,,1,,,2025/11/30 18:01:31,2025/11/30 20:31:53
141,"末広純",,,0,,,2025/11/30 18:01:31,2025/11/30 18:01:31
142,"深月めい",,,0,,,2025/11/30 18:01:31,2025/11/30 18:01:31
143,"千鶴えま",,,0,,,2025/11/30 18:01:31,2025/11/30 18:01:31
144,"加賀美さら",,,0,,,2025/11/30 18:01:31,2025/11/30 18:01:31
145,"咲野瑞希",,,1,,,2025/11/30 18:01:31,2025/11/30 20:31:59
146,"前乃菜々",,,1,,,2025/11/30 18:01:31,2025/11/30 20:32:00
147,"椿りか",,,0,,,2025/11/30 18:01:31,2025/11/30 18:01:31
148,"岡本莉里",,,0,,,2025/11/30 18:01:31,2025/11/30 18:01:31
149,"瀬戸ひなこ",,,0,,,2025/11/30 18:01:31,2025/11/30 18:01:31
150,"上田紗奈",,,0,,,2025/11/30 18:01:31,2025/11/30 18:01:31
151,"滝ゆいな",,,0,,,2025/11/30 18:01:31,2025/11/30 18:01:31
152,"西尾まりな",,,0,,,2025/11/30 18:01:31,2025/11/30 18:01:31
153,"霧嶋りお",,,0,,,2025/11/30 18:01:31,2025/11/30 18:01:31
154,"諸星エミリー",,,0,,,2025/11/30 18:01:31,2025/11/30 18:01:31
155,"葉月七瀬",,,0,,,2025/11/30 18:01:31,2025/11/30 18:01:31
156,"柊木なな","葉山美空",,0,,,2025/11/30 18:01:31,2025/11/30 18:01:31
157,"江上しほ",,,0,,,2025/11/30 18:01:31,2025/11/30 18:01:31
158,"瀬奈まお",,,1,,,2025/11/30 18:01:31,2025/11/30 20:32:11
159,"芦名ユリア",,,0,,,2025/11/30 18:01:31,2025/11/30 18:01:31
160,"望月りさ",,,0,,,2025/11/30 18:01:31,2025/11/30 18:01:31
161,"清巳れの",,,0,,,2025/11/30 18:01:31,2025/11/30 18:01:31
162,"葵百合香",,,0,,,2025/11/30 18:01:31,2025/11/30 18:01:31
163,"辻井ほのか",,,0,,,2025/11/30 18:01:31,2025/11/30 18:01:31
164,"宇流木さらら",,,1,,,2025/11/30 18:01:31,2025/11/30 20:32:16
165,"新村あかり",,,0,,,2025/11/30 18:01:31,2025/11/30 18:01:31
166,"波多野結衣",,,0,,,2025/11/30 18:01:31,2025/11/30 18:01:31
167,"若月もあ",,,0,,,2025/11/30 18:01:31,2025/11/30 18:01:31
168,"春乃藍",,,0,,,2025/11/30 18:01:31,2025/11/30 18:01:31
169,"浜辺栞帆",,,0,,,2025/11/30 18:01:31,2025/11/30 18:01:31
170,"西田栞帆",,,0,,,2025/11/30 18:01:31,2025/11/30 18:01:31
171,"紗々原ゆり",,,0,,,2025/11/30 18:01:31,2025/11/30 18:01:31
172,"紺野ひかる",,,1,,,2025/11/30 18:01:31,2025/11/30 20:32:22
173,"藤井レイラ",,,0,,,2025/11/30 18:01:31,2025/11/30 18:01:31
174,"乙葉らぶ",,,0,,,2025/11/30 18:01:31,2025/11/30 18:01:31
175,"姫咲はな",,,1,,,2025/11/30 18:01:31,2025/11/30 20:32:26
176,"桐香ゆうり",,,1,,,2025/11/30 18:01:31,2025/11/30 20:32:27
177,"真白ふわり",,,1,,,2025/11/30 18:01:31,2025/11/30 20:32:32
178,"通野未帆",,,0,,,2025/11/30 18:01:31,2025/11/30 18:01:31
179,"沙月恵奈",,,0,,,2025/11/30 18:01:31,2025/11/30 18:01:31
180,"涼宮るな",,,0,,,2025/11/30 18:01:31,2025/11/30 18:01:31
181,"竹内夏希",,,0,,,2025/11/30 18:01:31,2025/11/30 18:01:31
182,"美澄玲衣",,,1,,,2025/11/30 18:01:31,2025/11/30 20:32:35
183,"八ッ橋さい子",,,0,,,2025/11/30 18:01:31,2025/11/30 18:01:31
184,"虹村ゆみ",,,1,,,2025/11/30 18:01:31,2025/11/30 20:32:37
185,"佐藤花","最上一花",,0,,,2025/11/30 18:01:31,2025/11/30 18:01:31
186,"有馬美玖",,,1,,,2025/11/30 18:01:31,2025/11/30 20:32:39
187,"一色さら",,,0,,,2025/11/30 18:01:31,2025/11/30 18:01:31
188,"篠宮ねね",,,1,,,2025/11/30 18:01:31,2025/11/30 20:32:41
189,"逢月ひまり",,,0,,,2025/11/30 18:01:31,2025/11/30 18:01:31
190,"立華静音",,,0,,,2025/11/30 18:01:31,2025/11/30 18:01:31
191,"天然美月",,,0,,,2025/11/30 18:01:31,2025/11/30 18:01:31
192,"皆瀬あかり",,,1,,,2025/11/30 18:01:31,2025/11/30 20:32:44
193,"小島みこ",,,1,,,2025/11/30 18:01:31,2025/11/30 20:32:47
194,"瀬戸すみれ",,,0,,,2025/11/30 18:01:31,2025/11/30 18:01:31
195,"海埜ほたる",,,1,,,2025/11/30 18:01:31,2025/11/30 20:32:48
196,"千乃あずみ",,,0,,,2025/11/30 18:01:31,2025/11/30 18:01:31
197,"橘メアリー",,,0,,,2025/11/30 18:01:31,2025/11/30 18:01:31
198,"愛咲えな",,,0,,,2025/11/30 18:01:31,2025/11/30 18:01:31
199,"霧生ゆきな",,,0,,,2025/11/30 18:01:31,2025/11/30 18:01:31
200,"夕季ちとせ",,,0,,,2025/11/30 18:01:31,2025/11/30 18:01:31
201,"今井キキ",,,0,,,2025/11/30 18:01:31,2025/11/30 18:01:31
202,"水野らん",,,0,,,2025/11/30 18:01:31,2025/11/30 18:01:31
203,"佐野あおい",,,0,,,2025/11/30 18:01:31,2025/11/30 18:01:31
204,"樹カンナ",,,0,,,2025/11/30 18:01:31,2025/11/30 18:01:31
205,"三苫うみ",,,1,,,2025/11/30 18:01:31,2025/11/30 20:32:55
206,"新垣智江",,,0,,,2025/11/30 18:01:31,2025/11/30 18:01:31
207,"松永さな",,,0,,,2025/11/30 18:01:31,2025/11/30 18:01:31
208,"朝比奈しの",,,0,,,2025/11/30 18:01:31,2025/11/30 18:01:31
209,"春川せせら",,,0,,,2025/11/30 18:01:31,2025/11/30 18:01:31
210,"泉りおん",,,1,,,2025/11/30 18:01:31,2025/11/30 20:33:00
211,"水沢つぐみ",,,0,,,2025/11/30 18:01:31,2025/11/30 18:01:31
212,"大原えりか",,,0,,,2025/11/30 18:01:31,2025/11/30 18:01:31
213,"夢咲ひなみ",,,0,,,2025/11/30 18:01:31,2025/11/30 18:01:31
214,"上坂めい",,,0,,,2025/11/30 18:01:31,2025/11/30 18:01:31
215,"水戸かな",,,0,,,2025/11/30 18:01:31,2025/11/30 18:01:31
216,"小松杏",,,0,,,2025/11/30 18:01:31,2025/11/30 18:01:31
217,"風間ゆみ",,,0,,,2025/11/30 18:01:31,2025/11/30 18:01:31
218,"加山なつこ",,,0,,,2025/11/30 18:01:31,2025/11/30 18:01:31
219,"音羽文子",,,0,,,2025/11/30 18:01:31,2025/11/30 18:01:31
220,"恋乃ぼたん",,,0,,,2025/11/30 18:01:31,2025/11/30 18:01:31
221,"浅野心愛",,,1,,,2025/11/30 18:01:31,2025/11/30 20:33:08
222,"天神羽衣",,,1,,,2025/11/30 18:01:31,2025/11/30 20:33:08
223,"星乃莉子",,,1,,,2025/11/30 18:01:31,2025/11/30 20:33:12
224,"夏目響",,,0,,,2025/11/30 18:01:31,2025/11/30 18:01:31
225,"宮島めい",,,0,,,2025/11/30 18:01:31,2025/11/30 18:01:31
226,"奈築りお",,,0,,,2025/11/30 18:01:31,2025/11/30 18:01:31
227,"浅倉みのり",,,0,,,2025/11/30 18:01:31,2025/11/30 18:01:31
228,"雪代美鳳",,,1,,,2025/11/30 18:01:31,2025/11/30 20:33:18
229,"森沢かな",,,1,,,2025/11/30 18:01:31,2025/11/30 20:33:18
230,"雪乃える",,,1,,,2025/11/30 18:01:31,2025/11/30 20:33:19
231,"明海こう","桃菜あこ",,0,,,2025/11/30 18:01:31,2025/11/30 18:01:31
232,"八尋麻衣",,,0,,,2025/11/30 18:01:31,2025/11/30 18:01:31
233,"あやね遥菜",,,0,,,2025/11/30 18:01:31,2025/11/30 18:01:31
234,"星空もあ",,,1,,,2025/11/30 18:01:31,2025/11/30 20:33:23
235,"涼川絢音",,,0,,,2025/11/30 18:01:31,2025/11/30 18:01:31
236,"若宮はずき",,,0,,,2025/11/30 18:01:31,2025/11/30 18:01:31
237,"かなで自由",,,0,,,2025/11/30 18:01:31,2025/11/30 18:01:31
238,"音羽美玲",,,0,,,2025/11/30 18:01:31,2025/11/30 18:01:31
239,"田中ねね",,,0,,,2025/11/30 18:01:31,2025/11/30 18:01:31
240,"あおいれな",,,1,,,2025/11/30 18:01:31,2025/11/30 20:33:27
241,"山下紗和",,,0,,,2025/11/30 18:01:31,2025/11/30 18:01:31
242,"逢沢みゆ",,,0,,,2025/11/30 18:01:31,2025/11/30 18:01:31
243,"凰華りん",,,0,,,2025/11/30 18:01:31,2025/11/30 18:01:31
244,"小鈴みかん",,,0,,,2025/11/30 18:01:31,2025/11/30 18:01:31
245,"彩奈リナ",,,0,,,2025/11/30 18:01:31,2025/11/30 18:01:31
246,"川越ゆい",,,0,,,2025/11/30 18:01:31,2025/11/30 18:01:31
247,"中条りの",,,0,,,2025/11/30 18:01:31,2025/11/30 18:01:31
248,"五十嵐美月",,,0,,,2025/11/30 18:01:31,2025/11/30 18:01:31
249,"桐谷すずね",,,0,,,2025/11/30 18:01:31,2025/11/30 18:01:31
250,"西野乙音",,,0,,,2025/11/30 18:01:31,2025/11/30 18:01:31
251,"成澤ひなみ",,,0,,,2025/11/30 18:01:31,2025/11/30 18:01:31
252,"るるちゃ。",,,0,,,2025/11/30 18:01:31,2025/11/30 18:01:31
253,"宝生めい",,,0,,,2025/11/30 18:01:31,2025/11/30 18:01:31
254,"有馬みずき",,,0,,,2025/11/30 18:01:31,2025/11/30 18:01:31
255,"堀北まゆ",,,0,,,2025/11/30 18:01:31,2025/11/30 18:01:31
256,"高橋りほ",,,0,,,2025/11/30 18:01:31,2025/11/30 18:01:31
257,"七海ひな","七瀬ひな",,0,,,2025/11/30 18:01:31,2025/11/30 18:01:31
258,"黒江リィナ",,,0,,,2025/11/30 18:01:31,2025/11/30 18:01:31
259,"真宮あやな",,,0,,,2025/11/30 18:01:31,2025/11/30 18:01:31
260,"しほのちさ","大沢つくし",,0,,,2025/11/30 18:01:31,2025/11/30 18:01:31
261,"美泉咲",,,0,,,2025/11/30 18:01:31,2025/11/30 18:01:31
262,"白桃心奈",,,1,,,2025/11/30 18:01:31,2025/11/30 20:33:38
263,"百合川雅",,,0,,,2025/11/30 18:01:31,2025/11/30 18:01:31
264,"長谷川夏樹",,,0,,,2025/11/30 18:01:31,2025/11/30 18:01:31
265,"藤本紫媛",,,0,,,2025/11/30 18:01:31,2025/11/30 18:01:31
266,"丸山れおな",,,0,,,2025/11/30 18:01:31,2025/11/30 18:01:31
267,"日泉舞香",,,1,,,2025/11/30 18:01:31,2025/11/30 20:33:42
268,"志田カンナ",,,0,,,2025/11/30 18:01:31,2025/11/30 18:01:31
269,"松浦ゆきな",,,1,,,2025/11/30 18:01:31,2025/11/30 20:33:44
270,"咲田ありな","なつめ愛莉",,1,,,2025/11/30 18:01:31,2025/11/30 20:33:46
271,"夕美しおん",,,1,,,2025/11/30 18:01:31,2025/11/30 20:33:49
272,"依本しおり",,,0,,,2025/11/30 18:01:31,2025/11/30 18:01:31
273,"西元めいさ",,,0,,,2025/11/30 18:01:31,2025/11/30 18:01:31
274,"谷田部かりな",,,1,,,2025/11/30 20:18:18,2025/11/30 20:33:52
